chembl_id,smiles,Prediccion_Activo,Probabilidad_Activo
CHEMBL293189,COc1nn(Cc2ccc(-c3ccccc3C#N)cc2)cc1C(=O)O,1,0.745
CHEMBL63193,N#Cc1ccccc1-c1ccc(COc2n[nH]cc2C(=O)O)cc1,1,0.73
CHEMBL293190,N#Cc1ccccc1-c1ccc(Cn2cc(C(=O)O)c(OCc3ccccc3)n2)cc1,1,0.655
CHEMBL449093,O=C(O)c1ccc(S(=O)(=O)Oc2ccc(/C=C/[N+](=O)[O-])cc2)cc1O,1,0.64
CHEMBL7853,CC(C)(C)NCC(O)COc1ccc(NC(=O)c2cccs2)cc1C#N,1,0.62
CHEMBL31100,COc1cc(CC(=O)NCCNCC(O)COc2ccccc2C#N)nc(-c2ccc(Cl)cc2)n1,1,0.62
CHEMBL310580,C=C(CN(C)C)C(=O)c1ccc(OS(=O)(=O)c2ccc(C(=O)O)c(O)c2)cc1,1,0.615
CHEMBL83228,COc1ccc(Nc2c(C#N)cnc3cc(OC)c(OC)cc23)cc1OC,1,0.61
CHEMBL22854,COc1ccc(OC)c(Oc2cc(Cn3ccnc3)ccc2C#N)c1,1,0.61
CHEMBL30697,N#Cc1ccccc1OCC(O)CNCCNC(=O)Cc1csc(-c2ccc(Cl)cc2)n1,1,0.605
CHEMBL42007,COc1ccc(C(=O)Nc2cnc3c(c2)CN(C)CC3(C)C)cc1C#N,1,0.6
CHEMBL84803,COc1cc(Nc2c(C#N)cnc3cc(OC)c(OC)cc23)cc(OC)c1,1,0.595
CHEMBL24228,CCN1C(=O)c2c(nc(OC)n2Cc2ccc(OC)c(C#N)c2)N2C[C@@H](Cc3ccccc3)N=C12,1,0.595
CHEMBL22826,COc1cccc(Oc2cc(Cn3ccnc3)ccc2C#N)c1,1,0.595
CHEMBL46077,N=C(N)c1cccc(Oc2ccc(C(=O)O)c(Oc3cccc(C(=N)N)c3)n2)c1,1,0.59
CHEMBL29601,C=CCOC(=O)NC(CC(=O)O)C(=O)COc1cc2ccccc2cc1C#N,1,0.585
CHEMBL290305,Cc1ccc2c(c1)nc(S)n2CNc1ccc(C(=O)O)c(O)c1,1,0.585
CHEMBL77883,CCOc1ccc(Br)cc1-c1cc(Nc2ccc(C#N)cc2)nc(N)n1,1,0.585
CHEMBL278111,CCCCc1ccc(C#N)c(=O)n1Cc1ccc(-c2ccccc2C(=O)O)cc1,1,0.585
CHEMBL9296,CCOc1ccccc1NC(=O)Nc1nc2ccncc2cc1C#N,1,0.58
CHEMBL22319,N#Cc1ccc(Cn2ccnc2)cc1Oc1ccc(Cl)cc1Cl,1,0.58
CHEMBL36268,Cc1nc(-c2ccc(C(F)(F)F)cc2)oc1COc1ccc(C(=O)O)cc1,1,0.58
CHEMBL54033,CCCCCNC(=O)C(Cc1ccc(OCC(=O)O)c(C#N)c1)NC(=O)CCC(=O)O,1,0.575
CHEMBL286350,CCCn1c(=O)[nH]c2[nH]c(-c3ccc4cc(C(=O)O)ccc4c3)nc2c1=O,1,0.57
CHEMBL30597,COc1cc2ncc(C#N)c(Nc3ccc(SC)cc3)c2cc1OC,1,0.57
CHEMBL22800,N#Cc1ccc(Cn2ccnc2)cc1OCCCCc1ccccc1,1,0.57
CHEMBL37139,COc1ccc(/C=C/c2ccc3ccc(C(=O)O)c(O)c3n2)cc1O,1,0.565
CHEMBL279758,COc1ccc(Nc2c(C#N)cnc3cc(OC)c(OC)cc23)cc1,1,0.565
CHEMBL418613,O=C(O)c1ccc2ccc(/C=C/c3ccc(O)cc3)nc2c1O,1,0.565
CHEMBL81090,COc1cc2ncc(C#N)c(Oc3cc(OC)c(OC)c(OC)c3)c2cc1OC,1,0.565
CHEMBL53322,CCCc1nc(C(=O)O)c(CO)n1Cc1ccc(-c2ccccc2C(=O)O)cc1,1,0.56
CHEMBL312504,CC(C)COc1nc(NC(=O)Nc2ccc(Cl)c(Cl)c2)sc1C#N,1,0.56
CHEMBL309704,COc1cc2ncc(C#N)c(Nc3cc(OC)c(OC(C)C)c(OC)c3)c2cc1OC,1,0.56
CHEMBL37583,Cc1cc(OCCCON=C(N)N)cc(OS(=O)(=O)c2ccccc2C#N)c1,1,0.56
CHEMBL18746,FC(F)(F)CCCCOc1ccc(-c2nnn(CCCCc3nnn[nH]3)n2)cc1,1,0.56
CHEMBL25598,CCCCc1ccc(C(=O)OC)c(=O)n1Cc1ccc(-c2ccccc2C(=O)O)cc1,1,0.56
CHEMBL72361,CCCc1nc(-n2cccc2C(=O)O)c(C#N)n1Cc1ccc(-c2ccccc2-c2nn[nH]n2)cc1,1,0.56
CHEMBL66543,COc1cccc(-n2ncc3c(N/N=C/c4ccc(C#N)cc4)ncnc32)c1,1,0.56
CHEMBL23755,N#Cc1ccccc1OCC(O)CNCCNC(=O)Nc1ccc(Cl)cc1,1,0.555
CHEMBL22710,CC(C)(C)c1cccc(Oc2cc(Cn3ccnc3)ccc2C#N)c1,1,0.555
CHEMBL24888,COc1cccc(Oc2cc(Cn3ccnc3)ccc2C#N)c1OC,1,0.555
CHEMBL39883,Nc1ccc(/C=C/c2ccc3ccc(C(=O)O)c(O)c3n2)cc1,1,0.555
CHEMBL22596,N#Cc1ccccc1OCC(O)CNCCNC(=O)Nc1ccccc1Cl,1,0.555
CHEMBL55826,N#Cc1ccc2cc1Oc1ccc3cccc(c3c1)N1CC[C@H](NCCc3cncn3C2)C1=O,1,0.555
CHEMBL298143,Cc1nc(-c2ccc(C#N)cc2)sc1C(=O)N[C@H](C)[C@](O)(Cn1ccnc1)c1ccc(F)cc1F,1,0.555
CHEMBL71722,CC(C)n1cc(-c2ccc(Oc3ccccc3C#N)cc2)c2c(N)ncnc21,1,0.555
CHEMBL80702,N#Cc1ccc2cc1Oc1ccc3cccc(c3c1)N1CCC(NCCc3cncn3C2)C1=O,1,0.555
CHEMBL70514,Cc1cc(C#N)cc(C)c1Oc1nc(Nc2ccc(C#N)cc2)ncc1[N+](=O)[O-],1,0.555
CHEMBL82058,Cc1c(F)c(Oc2cccc(C(=N)N)c2)nc(Oc2cc(N(C)C)ccc2C(=O)O)c1F,1,0.555
CHEMBL74931,CCOc1ccc(Br)cc1-c1cc(Nc2cccc(C#N)c2)nc(N)n1,1,0.555
CHEMBL81073,COc1cc2ncc(C#N)c(Nc3cc(OC)c(OC)c(OC)c3)c2cc1OC,1,0.555
CHEMBL312117,O=C(O)c1cc(C(=O)O)c2cc(-c3ccc(-c4ccccc4)cc3)ccc2n1,1,0.555
CHEMBL303653,COC(=O)c1sccc1Oc1ccc(C(F)(F)F)cc1NC=C(C#N)C#N,1,0.55
CHEMBL55510,CCCCc1ncc(/C=C(\Cc2cccs2)C(=O)O)n1Cc1ccc(C(=O)O)c(O)c1,1,0.55
CHEMBL420026,O=C(/C=C(\O)c1ccccc1)c1ccc2ccc(C(=O)O)c(O)c2n1,1,0.55
CHEMBL53821,N#Cc1ccc2cc1Oc1ccc3cccc(c3c1)N1CC[C@H](NCc3cncn3C2)C1=O,1,0.55
CHEMBL418264,O=C(O)c1ccc(Cl)cc1-c1ccc2c(c1)OC[C@H](Cc1ccccc1)[C@H]2O,1,0.55
CHEMBL35063,COc1cc(/C=C2\CCCc3c(C)ccnc32)ccc1OC(C)=O,1,0.55
CHEMBL431508,O=C(O)c1ccc2ccc(/C=C/c3ccc([N+](=O)[O-])cc3)nc2c1O,1,0.55
CHEMBL18827,FC(F)(F)CCCCCOc1ccc(-c2nnn(CCCCc3nnn[nH]3)n2)cc1,1,0.55
CHEMBL23019,N#Cc1ccc(Cn2ccnc2)cc1Oc1cccc(Br)c1,1,0.545
CHEMBL22568,N#Cc1ccc(Cn2ccnc2)cc1OCCCc1ccccc1,1,0.545
CHEMBL30243,CCn1cc(C(=O)O)c(=O)c2cc(C#N)c(N3CCNCC3)cc21,1,0.545
CHEMBL39481,CC(=O)Nc1ccc(/C=C/c2ccc3ccc(C(=O)O)c(O)c3n2)cc1,1,0.545
CHEMBL289791,CCC(C#N)C(=O)N[C@H](C)[C@@H](Oc1cc(Br)ccc1C#N)c1ccccc1,1,0.545
CHEMBL310321,O=C(NNc1ccc([N+](=O)[O-])cc1[N+](=O)[O-])c1ccc2ccc(C(=O)O)c(O)c2n1,1,0.545
CHEMBL77397,COc1cc(/C=C(\C)[N+](=O)[O-])ccc1OS(=O)(=O)c1ccc(C(=O)O)cc1,1,0.545
CHEMBL74164,Cc1cc(C)c(Nc2nc(Nc3ccc(C#N)cc3)ncc2C#N)c(C)c1,1,0.545
CHEMBL296357,CC(C)C(C#N)C(=O)N[C@H](C)[C@@H](Oc1cc(F)ccc1C#N)c1ccccc1,1,0.545
CHEMBL45923,C[C@H]1COc2c(-c3ccc4cnccc4c3)c(F)cc3c(=O)c(C(=O)O)cn1c23,1,0.545
CHEMBL295817,CCCN(Cc1ccc(-c2ccccc2-c2nn[nH]n2)cc1)c1nn(C)cc1C(=O)O,1,0.545
CHEMBL45911,CCCN(Cc1ccc(-c2ccccc2-c2nn[nH]n2)cc1)c1nc(C)c(C(=O)O)s1,1,0.545
CHEMBL312459,N#Cc1ccc2cc1Oc1cc(Cl)cc(c1)CN1CCC(NCc3cncn3C2)C1=O,1,0.545
CHEMBL53324,N#CSCCOc1ccc(Oc2ccccc2)cc1I,1,0.545
CHEMBL417366,CCCc1nc(CO)c(C(=O)O)n1Cc1ccc(-c2ccccc2C(=O)O)cc1,1,0.545
CHEMBL22454,N#Cc1ccc(Cn2ccnc2)cc1OCCc1ccccc1,1,0.545
CHEMBL33673,CCCn1c(=O)c2nc(-c3ccc(C#N)cc3)[nH]c2n(CCC)c1=O,1,0.545
CHEMBL22828,CCCCc1ccc(C(=O)O)c(=O)n1Cc1ccc(-c2ccccc2C(=O)O)cc1,1,0.545
CHEMBL418907,COc1cc(/C=C/[N+](=O)[O-])ccc1OS(=O)(=O)c1ccc(C(=O)O)cc1,1,0.54
CHEMBL311096,C[C@@H](O)[C@H]1C(=O)N2C(C(=O)O)=C(Sc3ccc(C#N)c4ccccc34)[C@H](C)[C@H]12,1,0.54
CHEMBL1016,CCOc1nc2cccc(C(=O)O)c2n1Cc1ccc(-c2ccccc2-c2nnn[nH]2)cc1,1,0.54
CHEMBL309439,COc1cc2ncc(C#N)c(NCc3ccc(OC)c(OC)c3OC)c2cc1OC,1,0.54
CHEMBL82359,O=C(Nc1ccc2ccc(C(=O)O)c(O)c2n1)c1ccccc1,1,0.54
CHEMBL267474,Cn1c(=O)[nH]c2[nH]c(-c3ccc(S(=O)(=O)Oc4cccc([N+](=O)[O-])c4)cc3)nc2c1=O,1,0.54
CHEMBL25220,Cc1cc(OCc2ccc(-c3ccccc3-c3nn[nH]n3)cc2)c(C(=O)O)c(C)n1,1,0.54
CHEMBL277488,COc1cc2c(cc1OC)C(c1ccc(C#N)cc1)=NN(C(C)=O)C(=O)C2,1,0.54
CHEMBL30268,COc1cc2ncc(C#N)c(Nc3ccc(O)cc3)c2cc1OC,1,0.54
CHEMBL417897,CCC(C#N)C(=O)N[C@H](C)[C@@H](Oc1cc(Cl)ccc1C#N)c1ccccc1,1,0.54
CHEMBL44544,COc1cc(C#N)c(NC(=O)c2sccc2S(=O)(=O)Nc2onc(C)c2Cl)cc1OC,1,0.54
CHEMBL295654,CS(=O)(=O)c1ccc(-n2cc(C(=O)O)nc2-c2ccc(Cl)cc2)cc1,1,0.54
CHEMBL308456,COc1ccc(C(=O)Nc2c(Cl)cncc2Cl)c2cc(C(=O)O)oc12,1,0.535
CHEMBL39958,O=C(O)c1ccc2ccc(/C=C/c3cc(O)cc(O)c3)nc2c1O,1,0.535
CHEMBL30644,N#Cc1ccccc1OCC(O)CNCCNC(=O)c1ccc2ccccc2n1,1,0.535
CHEMBL444824,COc1ccc(C(=O)Nc2c(Cl)cncc2Cl)c2ccc(C#N)nc12,1,0.535
CHEMBL70142,COc1cccc(O/C(=N/Nc2ccccc2C#N)C(C)=O)c1,1,0.535
CHEMBL29563,O=C1/C(=C/c2cccc(Br)c2)CCc2ccccc21,1,0.535
CHEMBL25217,CC(=O)c1cccc(Oc2cc(Cn3ccnc3)ccc2C#N)c1,1,0.535
CHEMBL37431,COc1cc(/C=C/c2ccc3ccc(C(=O)O)c(O)c3n2)cc(OC)c1O,1,0.535
CHEMBL303638,Cc1cncc(S(=O)(=O)Nc2cccc3c(C#N)c[nH]c23)c1,1,0.535
CHEMBL49410,CCCN(Cc1ccc(-c2ccccc2-c2nn[nH]n2)cc1)c1ncncc1C(=O)O,1,0.535
CHEMBL50092,CCc1nc(CO)c(C(=O)O)n1Cc1ccc(-c2ccccc2C(=O)O)cc1,1,0.535
CHEMBL35437,COc1ccc(C#CCOc2ccccc2C(=O)O)cc1Cc1cnc(N)nc1N,1,0.535
CHEMBL281467,C=CC(=O)Nc1cnc2ncc(C#N)c(Nc3cccc(Br)c3)c2c1,1,0.53
CHEMBL279386,COc1ccc(C(=O)/C=C/c2ccc(C(F)(F)F)cc2)c(OC)c1,1,0.53
CHEMBL13972,N#Cc1ccc(Oc2nccc(-c3c(-c4ccc(F)cc4)ncn3C3CCNCC3)n2)cc1,1,0.53
CHEMBL25550,COc1ccccc1Oc1cc(Cn2ccnc2)ccc1C#N,1,0.53
CHEMBL35094,CCCCn1c(=O)[nH]c2[nH]c(-c3ccc(C(=O)O)cc3)nc2c1=O,1,0.53
CHEMBL11268,N#Cc1ccccc1OCC(O)CNCCNC(=O)Nc1ccccc1,1,0.53
CHEMBL54212,N#Cc1ccc2cc1Oc1ccc3cccc(c3c1)C(=O)NCCNCc1cncn1C2,1,0.53
CHEMBL290315,Cn1cncc1C(OCc1ccc(C#N)c(-c2cccc(C#N)c2)n1)c1ccc(C#N)cc1,1,0.53
CHEMBL52675,O=C(O)c1ccc(F)cc1-c1ccc2c(c1)OC[C@H](Cc1ccccc1)[C@H]2O,1,0.53
CHEMBL71518,CCCCc1nnc(O)n1Cc1ccc(-c2ccccc2C(=O)O)cc1,1,0.53
CHEMBL73044,Cc1cc(Br)cc(Cl)c1Oc1nc(N)nc(Nc2ccc(C#N)cc2)n1,1,0.53
CHEMBL82744,O=C(O)c1ccccc1C(=O)c1ccc(Oc2ccccc2)c([N+](=O)[O-])c1,1,0.53
CHEMBL24230,N#Cc1ccccc1OCC(O)CNCCNC(=O)Nc1ccccc1[N+](=O)[O-],1,0.525
CHEMBL316171,COc1ccc(C2=NN(CC#N)C(=O)C3CCCCC23)cc1OC,1,0.525
CHEMBL311561,N#Cc1ccc2cc1Oc1ccc(Br)c(c1)CN1CCC(NCc3cncn3C2)C1=O,1,0.525
CHEMBL45347,COc1ccc(OC)c(C#Cc2ccc(OC)c(C(=O)O)c2)c1,1,0.525
CHEMBL300186,CCCc1nc(C(=O)O)c(C(=O)O)n1Cc1ccc(-c2ccccc2C(=O)O)cc1,1,0.525
CHEMBL79286,CCOc1c(OC)cc(Nc2c(C#N)cnc3cc(OC)c(OC)cc23)cc1OC,1,0.525
CHEMBL18460,O=C(O)c1ccc(COc2ccc(OCCCc3nnn[nH]3)cc2)nc1,1,0.525
CHEMBL287179,O=C1/C(=C/c2ccc(Br)cc2)CCc2ccccc21,1,0.525
CHEMBL417601,Cn1c(=O)[nH]c2[nH]c(-c3ccc(S(=O)(=O)Oc4ccc([N+](=O)[O-])cc4)cc3)nc2c1=O,1,0.525
CHEMBL22847,N#Cc1ccc(Cn2ccnc2)cc1Oc1cccc(Cl)c1,1,0.525
CHEMBL281084,N#Cc1ccccc1OCC(O)CNCCNC(=O)Cc1cc2ccccc2[nH]1,1,0.525
CHEMBL433620,COc1cc2c(cc1OC)C(c1ccc(C#N)cc1)=NNC(=O)C2,1,0.525
CHEMBL23011,N#Cc1cccc(Oc2cc(Cn3ccnc3)ccc2C#N)c1,1,0.525
CHEMBL25500,N#Cc1ccc(Cn2ccnc2)cc1Oc1ccc(Cl)c(Cl)c1,1,0.525
CHEMBL18228,CCOC(=O)c1ccc(COc2ccc(OCCCc3nnn[nH]3)cc2)nc1,1,0.525
CHEMBL6296,CN(C)c1cccc2c(S(=O)(=O)Nc3ncc(Br)nc3C#N)cccc12,1,0.525
CHEMBL53037,N#Cc1ccc2cc1Oc1ccc3cccc(c3c1)C(=O)NCCCNCc1cncn1C2,1,0.525
CHEMBL279066,COc1ccc(Oc2cc(Cn3ccnc3)ccc2C#N)cc1,1,0.525
CHEMBL18748,FC(F)(F)CCCCCCCOc1ccc(-c2nnn(CCCCc3nnn[nH]3)n2)cc1,1,0.525
CHEMBL19420,C[C@@H](/N=c1\c(O)c(O)\c1=N/c1ccc(C#N)c(Cl)c1)C(C)(C)C,1,0.525
CHEMBL82832,COc1cc2ncc(C#N)c(Nc3cc(OC)c(OC)c(OC)c3C)c2cc1OC,1,0.52
CHEMBL310586,N#Cc1ccc2cc1Oc1cccc(c1)-c1ccccc1N1CCC(NCc3cncn3C2)C1=O,1,0.52
CHEMBL45887,CCn1cc(C(=O)O)c(=O)c2cc(F)c(-c3cc(C)nc(C)c3)cc21,1,0.52
CHEMBL48870,CCCc1nc(NCc2ccc(-c3ccccc3-c3nn[nH]n3)cc2)sc1C(=O)O,1,0.52
CHEMBL65799,COc1ccc(C(=O)Nc2c(Cl)cncc2Cl)c2cc(C#N)oc12,1,0.52
CHEMBL49666,Cc1cc(-c2ccc3c(=O)c(C(=O)O)cn4c3c2OC[C@@H]4C)cc(C)n1,1,0.52
CHEMBL19808,Cc1noc(NS(=O)(=O)c2ccsc2C(=O)Nc2cc3c(cc2C#N)OCO3)c1Cl,1,0.52
CHEMBL33611,CCCn1c(=O)n(C)c(=O)c2[nH]c(-c3ccc(C#N)cc3)nc21,1,0.52
CHEMBL31398,O=C(O)c1c(O)nnc(-c2ccc(Cl)cc2)c1-c1ccc(Cl)cc1,1,0.52
CHEMBL25542,N#Cc1ccc(Cn2ccnc2)cc1Oc1ccc(Cl)cc1,1,0.52
CHEMBL277489,N#Cc1ccc(Cn2ccnc2)cc1Oc1cccc2ccccc12,1,0.52
CHEMBL430339,CCCCc1nn(CC)c(C(=O)O)c1Cc1ccc(-c2ccccc2C(=O)O)cc1,1,0.52
CHEMBL8886,Cn1nnnc1C(/C=C/C(O)CC(O)CC(=O)[O-])=C/c1ccc(F)cc1.[Na+],1,0.52
CHEMBL8800,Cn1nnnc1C(=C\c1ccc(F)cc1)/C=C/C(O)CC(O)CC(=O)[O-].[Na+],1,0.52
CHEMBL291308,COc1ccc(-c2cc(C#N)c(O)nc2-c2ccc(N(C)C)cc2)cc1,1,0.52
CHEMBL68919,CCCCc1nn(CCCC)c(=O)n1Cc1ccc(-c2ccccc2C(=O)O)cc1,1,0.52
CHEMBL53636,O=C(O)c1ccc(C(=O)O)c(-c2ccc3c(c2)OC[C@H](Cc2ccccc2)[C@H]3O)c1,1,0.52
CHEMBL52601,CCCc1nc(CO)c(CO)n1Cc1ccc(-c2ccccc2C(=O)O)cc1,1,0.52
CHEMBL442552,N#Cc1ccc2cc1Oc1ccc3c(c1)[C@@H](CCC3)N1CCC(NCc3cncn3C2)C1=O,1,0.52
CHEMBL55694,COc1ccc(-c2cc(C#N)c(OC)nc2-c2ccc(N(C)C)cc2)cc1,1,0.52
CHEMBL8495,CCCn1c(=O)[nH]c2[nH]c(-c3ccc(S(=O)(=O)Oc4cccc([N+](=O)[O-])c4)cc3)nc2c1=O,1,0.515
CHEMBL430279,CCCCc1nc(Cl)c(CO)n1Cc1ccc(-c2occc2C(=O)O)cc1,1,0.515
CHEMBL293402,COC(=O)C1=C(C)N=C(C)/C(=C(\O)OC)C1c1ccccc1C#N,1,0.515
CHEMBL70374,N#Cc1ccc(Nc2nc(N)nc(Oc3c(Cl)cc(Cl)cc3Cl)n2)cc1,1,0.515
CHEMBL67211,CC(C)n1cc(-c2ccc(Oc3ccccc3C(=O)O)cc2)c2c(N)ncnc21,1,0.515
CHEMBL49579,CCCCN(Cc1ccc(-c2ccccc2-c2nn[nH]n2)cc1)c1c(C(=O)O)cnn1C,1,0.515
CHEMBL289381,CCC(C#N)C(=O)N[C@H](C)[C@@H](Oc1cc(F)ccc1C#N)c1ccccc1,1,0.515
CHEMBL290308,COc1ccc(C)c(Nc2c(C#N)cnc3cc(OCC4CCN(C)CC4)c(OC)cc23)c1,1,0.515
CHEMBL38802,CN1CCN(c2nc(COC(c3ccc(C#N)cc3)c3cncn3C)ccc2C#N)CC1,1,0.515
CHEMBL300206,N#Cc1ccc2cc1Oc1ccc3cccc(c3c1)C(=O)NCCNC(=O)Cc1cncn1C2,1,0.515
CHEMBL23916,COc1cc2c(cc1OC)C(c1ccc(C#N)cc1)=NN(C)C(=O)C2,1,0.515
CHEMBL28239,Cc1cc(CCCOc2c(C)cc(-c3noc(C#N)n3)cc2C)on1,1,0.515
CHEMBL16569,N#CCCn1nc(-c2ccc(OCc3ccc(Cl)cc3)cc2)oc1=O,1,0.515
CHEMBL16697,Cc1ccc(COc2ccc(-c3nn(CCC#N)c(=O)o3)cc2)cc1,1,0.515
CHEMBL275401,C[C@@H](/N=c1\c(O)c(O)\c1=N/c1ccc(C#N)c2c1CCCC2)C(C)(C)C,1,0.515
CHEMBL7083,C/C(=C\Cn1oc(=O)[nH]c1=O)c1cccc(OCc2noc(-c3ccccc3)n2)c1,1,0.515
CHEMBL33448,N#Cc1ccccc1OCC(O)CNCCNC(=O)c1cc2ccccc2[nH]1,1,0.515
CHEMBL309089,CCCc1nc(-n2c(C)ccc2C)c(C(=O)O)n1Cc1ccc(-c2ccccc2-c2nn[nH]n2)cc1,1,0.515
CHEMBL45934,COc1ccc(C(=O)Nc2ccccc2C#N)cc1OC1CCCC1,1,0.515
CHEMBL312104,CCCc1nc(C)n2[nH]c(=O)nc2c1Cc1ccc(-c2ccccc2-c2nnn[nH]2)cc1,1,0.515
CHEMBL71985,CC(C)n1cc(-c2ccc(Oc3ccc(C#N)cc3)cc2)c2c(N)ncnc21,1,0.515
CHEMBL305631,CC1=C(C#N)C(c2ccccc2C(F)(F)F)C(C(=O)O)=C(C[S+]([O-])c2ccccc2)N1,1,0.515
CHEMBL268935,COc1cccc(OC)c1Oc1nc(N)nc(Nc2ccc(C#N)cc2)n1,1,0.515
CHEMBL296918,O=C(O)c1cn(C2CC2)c2nc(-c3ccncc3)c(F)cc2c1=O,1,0.51
CHEMBL70092,CS(=O)(=O)c1ccc(-c2cc(C(=O)CCCO[N+](=O)[O-])nn2-c2ccc(C#N)cc2)cc1,1,0.51
CHEMBL310943,N#Cc1ccc2cc1Oc1cccc(c1)C(c1ccccc1)N1CCC(NCc3cncn3C2)C1=O,1,0.51
CHEMBL45040,CC(C)[C@H](NS(=O)(=O)c1ccc(-c2ccc(C#N)cc2)cc1)C(=O)O,1,0.51
CHEMBL42938,CC(C)[C@@H](NS(=O)(=O)c1ccc(-c2ccc(C#N)cc2)cc1)C(=O)O,1,0.51
CHEMBL72335,Cc1cc(C#N)cc(C)c1Oc1ccnc(Nc2ccc(C#N)cc2)n1,1,0.51
CHEMBL302045,COc1ccc2sc(C(=O)Nc3nnn[nH]3)c(OC(C)C)c2c1,1,0.51
CHEMBL67170,COc1cc2cc(-c3ccc(OC)c([N+](=O)[O-])c3)cnc2cc1OC,1,0.51
CHEMBL68557,COc1cc2c(-c3ccc4c(c3)OCO4)c(C(=O)O)n(Cc3ccc4nsnc4c3)c2cc1OC,1,0.51
CHEMBL54553,N#CSCCOc1ccc(Oc2ccccc2)cc1Cl,1,0.51
CHEMBL19862,CCCCCCCCCCOc1ccc(-c2nnn(CCCCc3nnn[nH]3)n2)cc1,1,0.51
CHEMBL23254,CC(C)[C@H](CO)Nc1nc(Nc2ccc(C(=O)O)c(Cl)c2)c2ncn(C(C)C)c2n1,1,0.51
CHEMBL27750,Cc1ccccc1-c1cc(NCc2cncn2C)ccc1C#N,1,0.51
CHEMBL25621,Cc1ccccc1-c1cc(C(O)(c2ccc(C#N)cc2)c2cncn2C)ccc1C#N,1,0.51
CHEMBL287694,N#Cc1ccccc1OCC(O)CNCCNC(=O)Cc1cccs1,1,0.51
CHEMBL30408,Cc1cc(C(=O)NCCNCC(O)COc2ccccc2C#N)[nH]n1,1,0.51
CHEMBL8810,CCCCn1c(=O)[nH]c2[nH]c(-c3ccc(S(=O)(=O)Oc4cccc([N+](=O)[O-])c4)cc3)nc2c1=O,1,0.51
CHEMBL16718,N#CCCn1nc(-c2ccc(OCc3ccc([N+](=O)[O-])cc3)cc2)oc1=O,1,0.51
CHEMBL34378,COc1ccc(C#Cc2ccccc2C(=O)O)cc1Cc1cnc(N)nc1N,1,0.51
CHEMBL312121,CN1Cc2cncn2Cc2ccc(C#N)c(c2)Oc2ccc3cccc(c3c2)N2CCC1C2=O,1,0.51
CHEMBL83490,COc1cc2ncc(C#N)c(Nc3cc(OC)c(OC)c(OC)c3Br)c2cc1OC,1,0.51
CHEMBL419835,CCCc1nc(C)n2nc(C(=O)O)nc2c1Cc1ccc(-c2ccccc2-c2nn[nH]n2)cc1,1,0.51
CHEMBL51677,COc1ccc(C(=O)O)c(-c2ccc3c(c2)OC[C@H](Cc2ccccc2)[C@H]3O)c1,1,0.51
CHEMBL53183,CN1C(=O)CNCc2cncn2Cc2ccc(C#N)c(c2)Oc2ccc3cccc1c3c2,1,0.51
CHEMBL51492,O=C(O)c1ccc(F)cc1-c1ccc2c(c1)OC[C@H](CCc1ccccc1)[C@H]2O,1,0.51
CHEMBL52819,N#CSCCOc1ccc(Oc2ccccc2)cc1Br,1,0.51
CHEMBL289565,COP(=O)(CN[C@@H](Cc1ccc(-c2ccccc2)cc1)c1nnn[nH]1)OC,1,0.505
CHEMBL39924,Cc1ccc(C(=O)O)c(CCCn2cnc3c2NC=NCC3O)c1,1,0.505
CHEMBL36851,COc1c(OC)c(OC(C)=O)c2c(C#N)cccc2c1OC(C)=O,1,0.505
CHEMBL35080,COc1ccc(C#CCOc2cccc(C(=O)O)c2)cc1Cc1cnc(N)nc1N,1,0.505
CHEMBL29064,Cn1cncc1CNc1ccc(C#N)c(-c2cccc3ccccc23)c1,1,0.505
CHEMBL28252,CN(Cc1cncn1C)c1ccc(C#N)c(-c2cccc3ccccc23)c1,1,0.505
CHEMBL31745,CC#CC(=O)Nc1cnc2ncc(C#N)c(Nc3cccc(Br)c3)c2c1,1,0.505
CHEMBL31118,CN(C)CCOc1cc2c(Nc3cccc(Br)c3)c(C#N)cnc2cn1,1,0.505
CHEMBL22959,N#Cc1ccc(Cn2ccnc2)cc1Oc1ccc2ccccc2c1,1,0.505
CHEMBL422570,CC(C#N)n1nc(-c2ccc(OCc3ccccc3)cc2)oc1=O,1,0.505
CHEMBL17093,Cc1cccc(COc2ccc(-c3nn(CCC#N)c(=O)o3)cc2)c1,1,0.505
CHEMBL15282,Cc1ccccc1N/N=C1\CCC(C)n2c1ncc(C(=O)O)c2=O,1,0.505
CHEMBL14807,CCOc1ccccc1N/N=C1\CCC(C)n2c1ncc(C(=O)O)c2=O,1,0.505
CHEMBL277512,CC1CC/C(=N\Nc2ccc(-c3ccccc3)cc2)c2ncc(C(=O)O)c(=O)n21,1,0.505
CHEMBL19245,CCc1cc(Nc2c(N[C@H](C)C(C)(C)C)c(=O)c2=O)ccc1C#N,1,0.505
CHEMBL19298,C[C@@H](/N=c1\c(O)c(O)\c1=N/c1ccc(C#N)c(O)c1)C(C)(C)C,1,0.505
CHEMBL303203,Cc1ccc(OC(=O)c2sccc2S(=O)(=O)Nc2onc(C)c2Cl)c(C)c1,1,0.505
CHEMBL52975,N#Cc1ccc2cc1Oc1ccc3cccc(c3c1)NC(=O)CNCc1cncn1C2,1,0.505
CHEMBL439743,CCCc1nc(CO)c(C(=O)OCC)n1Cc1ccc(-c2ccccc2C(=O)O)cc1,1,0.505
CHEMBL49087,C[C@@H](N)C(=O)NC1CCN(c2nc3c(cc2F)c(=O)c(C(=O)O)cn3C2CC2)C1,1,0.505
CHEMBL298704,CNC(=O)c1ccc(C(=O)O)c(-c2ccc3c(c2)OC[C@H](Cc2ccccc2)[C@H]3O)c1,1,0.505
CHEMBL50064,C[C@H](N)C(=O)N[C@H]1CCN(c2nc3c(cc2F)c(=O)c(C(=O)O)cn3C2CC2)C1,1,0.505
CHEMBL50857,CN1C(=O)CNC(=O)Cc2cncn2Cc2ccc(C#N)c(c2)Oc2ccc3cccc1c3c2,1,0.505
CHEMBL416478,C[C@H](N)C(=O)N[C@@H]1CCN(c2nc3c(cc2F)c(=O)c(C(=O)O)cn3C2CC2)C1,1,0.505
CHEMBL43570,COc1ccc(C(=O)Nc2c(Cl)cncc2Cl)c2[nH]c(C(F)(F)F)nc12,1,0.505
CHEMBL289118,COC(=O)/C(C#N)=C/c1ccc(Oc2ccccc2)c(I)c1,1,0.505
CHEMBL299219,C[C@H](N)C(=O)NC1CCN(c2nc3c(cc2F)c(=O)c(C(=O)O)cn3C2CC2)C1,1,0.505
CHEMBL40170,COc1cc(/C=C/c2ccc3ccc(C(=O)O)c(O)c3n2)ccc1O,1,0.505
CHEMBL75792,O=C(O)c1cc(C(=O)O)c2cc(-c3cccc4ccccc34)ccc2n1,1,0.505
CHEMBL432910,CCn1cc(C(=O)O)c(=O)c2cc(F)c(-n3ccnc3)c(SC)c21,1,0.505
CHEMBL68402,COc1ccc(C(=O)O)nc1-c1csc(-c2ccc3ccccc3c2)n1,1,0.505
CHEMBL81686,O=C(NNc1ccccc1)c1ccc2ccc(C(=O)O)c(O)c2n1,1,0.505
